ip,type,categories,blocked_at,hit_count
1.15.32.131,ssh,18 22,2026-06-18T10:58:53.710Z,1
1.27.251.252,ssh,18 22,2026-07-14T08:13:08.570Z,1
1.54.237.176,ssh,18 22,2026-07-13T01:50:36.163Z,1
1.234.27.159,ssh,18 22,2026-06-18T10:39:43.338Z,1
1.234.75.81,ssh,18 22,2026-07-14T00:39:43.332Z,1
2.26.252.159,ssh,18 22,2026-06-07T20:02:29.227Z,1
2.57.122.13,scanner,14 21,2026-07-09T15:35:40.713Z,1
2.57.122.173,scanner,14 21,2026-06-27T20:07:50.176Z,1
3.1.50.59,path-traversal,21 15,2026-07-12T09:22:24.563Z,1
3.1.59.139,path-traversal,21 15,2026-07-12T09:27:01.826Z,1
3.7.239.31,path-traversal,21 15,2026-07-13T19:22:35.626Z,1
3.15.216.38,other,14,2026-07-09T17:51:49.605Z,1
3.16.131.133,scanner,14 21,2026-07-19T03:58:59.652Z,1
3.24.57.232,path-traversal,21 15,2026-07-12T09:23:28.807Z,1
3.34.4.122,scanner,14 21,2026-06-06T07:19:35.087Z,1
3.44.229.233,path-traversal,21 15,2026-07-12T09:23:29.037Z,1
3.48.22.21,path-traversal,21 15,2026-07-12T09:22:20.727Z,1
3.51.41.225,path-traversal,21 15,2026-07-13T19:22:37.629Z,1
3.59.105.24,path-traversal,21 15,2026-07-12T09:25:26.961Z,1
3.61.168.29,path-traversal,21 15,2026-07-12T09:11:29.428Z,1
3.73.111.130,path-traversal,21 15,2026-07-13T19:22:38.653Z,1
3.74.61.10,path-traversal,21 15,2026-07-13T19:15:37.101Z,1
3.80.65.149,scanner,14 21,2026-07-21T07:45:46.796Z,1
3.85.187.125,path-traversal,21 15,2026-07-13T19:23:31.711Z,1
3.93.216.192,scanner,14 21,2026-07-13T19:03:56.463Z,1
3.106.200.217,path-traversal,21 15,2026-07-13T19:22:29.856Z,1
3.110.86.229,path-traversal,21 15,2026-07-12T09:27:12.779Z,1
3.124.185.10,path-traversal,21 15,2026-07-12T09:11:10.632Z,1
3.137.147.32,path-traversal,21 15,2026-07-12T09:22:26.386Z,1
3.162.69.90,path-traversal,21 15,2026-07-12T09:23:15.590Z,1
3.171.223.221,path-traversal,21 15,2026-07-12T09:24:45.044Z,1
3.195.87.77,path-traversal,21 15,2026-07-12T09:27:04.914Z,1
3.207.160.51,path-traversal,21 15,2026-07-13T19:22:59.843Z,1
3.216.72.210,path-traversal,21 15,2026-07-12T09:11:33.040Z,1
3.220.217.230,path-traversal,21 15,2026-07-13T19:22:45.588Z,1
3.223.136.213,path-traversal,21 15,2026-07-13T19:22:30.770Z,1
3.225.176.216,path-traversal,21 15,2026-07-12T09:22:53.383Z,1
3.230.198.16,path-traversal,21 15,2026-07-12T09:25:20.314Z,1
3.236.110.169,path-traversal,21 15,2026-07-13T19:15:14.963Z,1
3.243.114.136,path-traversal,21 15,2026-07-12T09:23:47.822Z,1
3.244.17.111,path-traversal,21 15,2026-07-12T09:27:54.976Z,1
3.245.46.41,path-traversal,21 15,2026-07-12T09:21:51.929Z,1
3.247.71.90,path-traversal,21 15,2026-07-13T19:23:09.293Z,1
3.250.67.216,scanner,14 21,2026-06-17T07:27:34.855Z,1
4.154.190.17,ssh,18 22,2026-06-22T03:20:50.326Z,1
4.188.224.124,scanner,14 21,2026-07-03T11:22:44.481Z,1
4.193.98.138,other,14,2026-06-30T00:00:23.262Z,2
4.193.191.49,scanner,14 21,2026-07-04T23:57:17.929Z,1
4.193.210.218,other,14,2026-07-03T22:23:57.944Z,1
4.201.225.141,scanner,14 21,2026-06-17T12:21:20.741Z,1
4.207.145.86,scanner,14 21,2026-06-27T08:36:12.404Z,1
4.213.3.195,other,14,2026-06-24T11:44:30.051Z,1
4.223.83.61,other,14,2026-06-29T10:50:16.084Z,1
4.223.135.162,other,14,2026-07-05T00:33:19.980Z,1
4.223.226.192,scanner,14 21,2026-07-23T02:14:10.714Z,1
4.228.83.28,scanner,14 21,2026-06-24T14:31:47.989Z,1
4.232.93.183,scanner,14 21,2026-07-01T09:18:40.532Z,1
4.232.94.73,other,14,2026-06-27T20:45:46.566Z,1
4.232.94.242,scanner,14 21,2026-06-26T17:00:31.373Z,1
4.236.151.0,ssh,18 22,2026-07-16T16:14:45.949Z,1
5.52.126.179,ssh,18 22,2026-07-16T12:35:38.461Z,2
5.78.113.114,ssh,18 22,2026-06-07T21:39:44.405Z,1
5.83.214.197,scanner,14 21,2026-07-19T20:13:17.623Z,1
5.187.97.40,ssh,18 22,2026-07-08T14:36:06.150Z,1
5.189.184.133,ssh,18 22,2026-07-08T15:11:37.499Z,1
5.231.70.98,scanner,14 21,2026-06-19T19:55:38.348Z,1
5.255.122.176,manual,14,2026-06-04T19:50:19.891Z,1
8.229.13.203,scanner,14 21,2026-06-11T13:12:50.548Z,1
8.230.122.195,other,14,2026-06-10T21:43:05.780Z,2
8.231.136.248,scanner,14 21,2026-06-22T16:10:47.234Z,1
8.234.139.146,other,14,2026-06-15T23:07:33.216Z,5
8.234.183.110,other,14,2026-06-22T15:16:01.690Z,1
8.235.94.13,scanner,14 21,2026-07-03T14:03:10.867Z,1
13.21.233.29,path-traversal,21 15,2026-07-13T19:22:21.009Z,1
13.30.152.87,path-traversal,21 15,2026-07-12T09:24:08.382Z,1
13.36.32.135,path-traversal,21 15,2026-07-13T19:23:34.325Z,1
13.39.109.89,other,14,2026-06-27T14:02:43.167Z,3
13.39.109.162,scanner,14 21,2026-06-27T15:35:48.209Z,1
13.58.113.170,path-traversal,21 15,2026-07-12T09:25:01.037Z,1
13.58.219.244,other,14,2026-07-01T09:48:19.739Z,1
13.60.206.171,scanner,14 21,2026-06-14T12:59:58.389Z,1
13.70.28.132,scanner,14 21,2026-07-05T08:41:01.080Z,1
13.73.202.185,path-traversal,21 15,2026-07-13T19:22:02.137Z,1
13.80.28.147,path-traversal,21 15,2026-07-13T19:21:55.995Z,1
13.102.136.162,path-traversal,21 15,2026-07-13T19:23:07.172Z,1
13.127.196.208,scanner,14 21,2026-07-13T19:23:40.906Z,1
13.129.154.202,path-traversal,21 15,2026-07-13T19:23:26.144Z,1
13.139.160.176,path-traversal,21 15,2026-07-12T09:27:51.757Z,1
13.183.236.74,path-traversal,21 15,2026-07-13T19:22:57.327Z,1
13.185.239.182,path-traversal,21 15,2026-07-13T19:21:41.376Z,1
13.195.164.114,path-traversal,21 15,2026-07-12T09:11:42.131Z,1
13.196.176.186,scanner,14 21,2026-07-13T18:56:07.310Z,1
13.196.213.242,path-traversal,21 15,2026-07-12T09:10:25.566Z,1
13.203.27.7,path-traversal,21 15,2026-07-12T09:10:16.836Z,1
13.215.156.123,path-traversal,21 15,2026-07-13T18:59:23.328Z,1
13.218.122.221,path-traversal,21 15,2026-07-13T19:23:31.083Z,1
13.224.239.251,path-traversal,21 15,2026-07-12T09:21:28.477Z,1
13.233.128.182,scanner,14 21,2026-06-06T11:27:14.010Z,1
14.29.167.180,scanner,14 21,2026-06-30T17:32:03.030Z,1
14.29.196.194,ssh,18 22,2026-06-07T07:54:12.168Z,1
14.29.248.43,ssh,18 22,2026-07-07T01:54:12.037Z,1
14.55.31.113,ssh,18 22,2026-06-23T01:04:16.443Z,1
14.103.245.58,ssh,18 22,2026-06-08T20:25:03.290Z,1
14.161.12.247,ssh,18 22,2026-06-22T01:20:47.089Z,1
14.206.12.13,ssh,18 22,2026-06-18T10:38:24.081Z,1
18.0.112.126,path-traversal,21 15,2026-07-13T19:22:14.383Z,1
18.5.165.69,path-traversal,21 15,2026-07-12T09:22:22.900Z,1
18.33.155.90,path-traversal,21 15,2026-07-12T09:22:01.232Z,1
18.35.176.213,path-traversal,21 15,2026-07-12T09:11:13.116Z,1
18.51.82.52,path-traversal,21 15,2026-07-12T09:23:26.442Z,1
18.53.118.137,path-traversal,21 15,2026-07-12T09:22:51.178Z,1
18.59.39.232,path-traversal,21 15,2026-07-12T09:10:48.352Z,1
18.79.80.8,path-traversal,21 15,2026-07-12T09:23:18.460Z,1
18.98.253.184,path-traversal,21 15,2026-07-13T19:21:49.016Z,1
18.106.149.237,path-traversal,21 15,2026-07-13T19:24:33.267Z,1
18.110.190.24,path-traversal,21 15,2026-07-12T09:21:14.705Z,1
18.116.141.97,path-traversal,21 15,2026-07-12T09:23:37.579Z,1
18.117.25.242,path-traversal,21 15,2026-07-13T19:22:40.321Z,1
18.131.70.145,path-traversal,21 15,2026-07-12T09:23:54.283Z,1
18.141.200.81,scanner,14 21,2026-07-13T19:02:24.088Z,1
18.141.200.222,path-traversal,21 15,2026-07-13T19:22:47.407Z,1
18.161.7.16,path-traversal,21 15,2026-07-12T09:27:10.771Z,1
18.165.95.109,path-traversal,21 15,2026-07-12T09:22:25.226Z,1
18.171.8.162,path-traversal,21 15,2026-07-13T19:22:14.961Z,1
18.179.237.9,path-traversal,21 15,2026-07-13T18:58:18.733Z,1
18.185.48.95,scanner,14 21,2026-06-27T06:57:55.380Z,1
18.191.161.188,path-traversal,21 15,2026-07-13T19:15:20.659Z,1
18.194.125.63,path-traversal,21 15,2026-07-12T09:11:00.735Z,1
18.194.145.30,path-traversal,21 15,2026-07-12T09:22:54.782Z,1
18.194.210.84,path-traversal,21 15,2026-07-13T19:22:36.524Z,1
18.201.28.120,scanner,14 21,2026-06-24T07:31:44.729Z,1
18.211.92.178,path-traversal,21 15,2026-07-12T09:25:05.018Z,1
18.224.18.75,scanner,14 21,2026-06-27T14:10:53.733Z,1
20.2.16.72,scanner,14 21,2026-07-07T19:26:57.377Z,1
20.9.25.20,other,14,2026-06-18T09:33:50.645Z,2
20.9.43.99,scanner,14 21,2026-06-20T14:12:30.910Z,1
20.12.213.50,scanner,14 21,2026-06-19T08:11:57.676Z,1
20.24.13.49,scanner,14 21,2026-07-07T13:01:47.045Z,1
20.29.76.95,scanner,14 21,2026-06-25T00:21:15.124Z,1
20.48.176.28,other,14,2026-07-09T17:19:42.312Z,1
20.48.236.161,scanner,14 21,2026-07-12T17:00:07.844Z,1
20.48.255.163,scanner,14 21,2026-07-03T23:34:02.224Z,1
20.63.8.12,scanner,14 21,2026-06-29T12:08:31.097Z,1
20.63.33.52,scanner,14 21,2026-06-15T20:58:16.582Z,1
20.63.63.128,scanner,14 21,2026-07-15T01:44:38.060Z,1
20.78.132.138,scanner,14 21,2026-07-07T05:54:39.121Z,1
20.78.136.78,scanner,14 21,2026-07-03T12:09:33.587Z,1
20.78.157.244,scanner,14 21,2026-07-07T19:15:23.361Z,1
20.89.19.185,scanner,14 21,2026-07-04T09:17:26.683Z,1
20.89.60.120,scanner,14 21,2026-06-24T13:42:18.246Z,1
20.89.237.101,scanner,14 21,2026-06-30T12:59:37.143Z,1
20.89.249.9,scanner,14 21,2026-07-05T10:31:23.281Z,1
20.91.198.61,scanner,14 21,2026-06-27T11:12:44.100Z,1
20.100.171.63,other,14,2026-06-30T10:23:50.276Z,1
20.100.178.199,other,14,2026-06-28T05:04:53.366Z,2
20.104.50.116,scanner,14 21,2026-07-04T08:46:28.810Z,1
20.104.56.95,scanner,14 21,2026-06-10T15:22:03.842Z,1
20.104.75.74,scanner,14 21,2026-06-17T14:36:34.905Z,1
20.104.96.117,scanner,14 21,2026-07-20T02:25:18.220Z,1
20.104.244.165,scanner,14 21,2026-06-15T21:13:23.797Z,1
20.104.248.142,other,14,2026-06-17T23:25:32.495Z,1
20.116.17.49,scanner,14 21,2026-06-16T18:06:53.671Z,1
20.127.125.129,scanner,14 21,2026-07-18T13:26:30.134Z,1
20.151.2.122,other,14,2026-06-18T02:28:48.330Z,1
20.151.10.161,other,14,2026-07-20T14:31:45.172Z,2
20.151.112.244,scanner,14 21,2026-07-01T03:17:32.013Z,1
20.151.116.187,other,14,2026-06-19T22:08:04.125Z,2
20.151.205.204,other,14,2026-07-13T11:56:03.974Z,1
20.151.224.143,scanner,14 21,2026-07-03T17:18:40.933Z,1
20.151.225.63,scanner,14 21,2026-07-02T11:47:12.183Z,1
20.193.250.198,ssh,18 22,2026-06-07T18:01:50.651Z,1
20.195.176.139,other,14,2026-06-16T18:20:52.985Z,1
20.196.209.159,scanner,14 21,2026-07-15T23:21:31.804Z,1
20.197.176.198,scanner,14 21,2026-06-15T18:57:49.229Z,1
20.197.195.24,scanner,14 21,2026-07-21T03:08:13.969Z,1
20.197.233.241,scanner,14 21,2026-07-08T17:37:36.468Z,1
20.197.238.124,scanner,14 21,2026-06-30T22:41:07.317Z,1
20.204.32.32,other,14,2026-07-04T10:28:08.683Z,1
20.205.32.154,scanner,14 21,2026-07-07T15:35:35.586Z,1
20.205.109.237,scanner,14 21,2026-07-09T15:40:01.741Z,1
20.205.229.184,other,14,2026-07-22T01:16:12.567Z,1
20.206.64.115,other,14,2026-06-18T16:33:02.535Z,2
20.206.89.130,scanner,14 21,2026-07-20T13:25:06.889Z,1
20.206.104.0,other,14,2026-06-29T08:43:19.732Z,1
20.206.105.139,scanner,14 21,2026-07-03T18:23:12.693Z,1
20.206.105.145,scanner,14 21,2026-07-17T23:00:57.362Z,1
20.210.128.230,scanner,14 21,2026-07-08T20:00:03.751Z,1
20.210.131.207,scanner,14 21,2026-07-08T07:40:04.430Z,1
20.210.160.218,scanner,14 21,2026-07-07T20:26:50.181Z,1
20.210.177.159,other,14,2026-07-08T18:40:13.796Z,1
20.210.224.122,scanner,14 21,2026-07-08T17:29:03.947Z,1
20.214.163.77,other,14,2026-07-06T11:51:05.102Z,1
20.215.49.97,other,14,2026-06-11T14:54:33.773Z,1
20.215.65.22,scanner,14 21,2026-06-25T13:41:27.028Z,1
20.215.69.195,other,14,2026-06-12T01:36:57.194Z,1
20.215.210.222,other,14,2026-06-28T03:22:08.237Z,1
20.219.13.14,scanner,14 21,2026-06-28T14:25:34.621Z,1
20.220.9.73,other,14,2026-07-09T17:28:49.241Z,1
20.220.9.199,other,14,2026-07-17T13:43:35.735Z,2
20.220.10.205,other,14,2026-06-20T21:04:48.960Z,1
20.220.62.78,scanner,14 21,2026-07-16T22:48:32.516Z,1
20.220.148.251,scanner,14 21,2026-06-27T10:06:17.727Z,1
20.220.150.55,scanner,14 21,2026-06-13T11:46:19.045Z,1
20.220.166.196,scanner,14 21,2026-06-21T20:10:08.809Z,1
20.220.167.104,scanner,14 21,2026-06-15T21:22:02.515Z,1
20.220.193.155,scanner,14 21,2026-07-02T09:07:55.793Z,1
20.220.205.140,other,14,2026-07-10T04:19:50.613Z,1
20.220.219.90,scanner,14 21,2026-06-14T16:17:27.854Z,1
20.226.0.82,scanner,14 21,2026-06-27T05:03:27.799Z,1
20.226.10.188,scanner,14 21,2026-06-14T17:45:40.220Z,1
20.226.26.5,other,14,2026-07-13T23:09:16.417Z,1
20.226.31.51,scanner,14 21,2026-06-11T08:22:07.518Z,1
20.226.36.195,scanner,14 21,2026-07-08T09:19:56.096Z,1
20.226.42.95,other,14,2026-06-22T05:42:33.060Z,2
20.226.50.160,other,14,2026-06-28T05:29:31.788Z,1
20.226.60.151,scanner,14 21,2026-07-18T14:17:14.086Z,1
20.226.62.44,scanner,14 21,2026-06-14T11:56:20.437Z,1
20.226.70.167,scanner,14 21,2026-06-11T15:52:52.670Z,1
20.226.73.88,scanner,14 21,2026-06-21T05:50:54.383Z,1
20.226.80.139,scanner,14 21,2026-06-16T00:32:56.375Z,1
20.226.81.217,scanner,14 21,2026-07-01T18:33:47.750Z,1
20.226.85.77,scanner,14 21,2026-07-01T01:00:09.194Z,1
20.226.88.145,other,14,2026-06-21T02:43:59.762Z,1
20.226.116.19,scanner,14 21,2026-06-17T12:27:05.175Z,1
20.226.121.208,other,14,2026-07-07T17:36:09.432Z,1
20.230.87.222,scanner,14 21,2026-07-19T06:01:50.043Z,1
20.238.123.17,scanner,14 21,2026-06-26T07:33:13.700Z,1
20.240.51.74,scanner,14 21,2026-06-27T14:37:41.167Z,1
20.251.117.149,other,14,2026-06-19T04:56:16.734Z,1
23.94.98.243,ssh,18 22,2026-07-02T20:36:58.913Z,1
23.100.85.64,other,14,2026-06-24T19:26:39.896Z,1
23.186.104.61,scanner,14 21,2026-07-03T05:54:21.801Z,1
27.156.98.194,ssh,18 22,2026-07-14T20:19:16.684Z,2
31.44.5.46,ssh,18 22,2026-06-20T10:13:13.753Z,7
31.58.51.37,scanner,14 21,2026-06-29T19:21:35.559Z,1
31.59.129.102,scanner,14 21,2026-06-05T23:06:36.383Z,1
31.97.230.150,ssh,18 22,2026-07-14T07:24:32.154Z,1
34.7.121.58,path-traversal,21 15,2026-07-13T19:22:03.750Z,1
34.8.34.73,path-traversal,21 15,2026-07-13T19:15:39.748Z,1
34.12.92.129,scanner,14 21,2026-06-12T06:38:07.843Z,1
34.18.37.48,scanner,14 21,2026-06-10T05:04:03.393Z,1
34.48.2.20,scanner,14 21,2026-06-16T07:31:25.058Z,1
34.50.75.32,scanner,14 21,2026-06-09T03:44:52.629Z,1
34.52.139.230,path-traversal,21 15,2026-07-13T19:21:54.418Z,1
34.52.148.188,other,14,2026-06-30T06:38:17.066Z,1
34.53.99.166,scanner,14 21,2026-06-16T13:27:37.018Z,1
34.55.187.245,scanner,14 21,2026-07-13T19:06:33.903Z,1
34.60.169.46,other,14,2026-06-15T22:34:44.073Z,4
34.61.36.90,path-traversal,21 15,2026-07-12T09:24:58.723Z,1
34.64.205.217,scanner,14 21,2026-06-10T14:17:26.659Z,1
34.65.49.239,scanner,14 21,2026-06-29T00:21:07.630Z,1
34.69.108.166,scanner,14 21,2026-06-14T19:08:51.627Z,1
34.69.155.255,scanner,14 21,2026-06-21T15:45:51.717Z,1
34.73.38.121,scanner,14 21,2026-06-15T21:21:56.851Z,1
34.75.66.161,scanner,14 21,2026-07-07T14:22:58.074Z,1
34.77.70.191,path-traversal,21 15,2026-07-12T09:24:30.236Z,1
34.83.189.112,ssh,18 22,2026-07-01T02:22:25.083Z,1
34.85.231.205,scanner,14 21,2026-07-02T08:45:22.526Z,1
34.89.66.81,other,14,2026-06-16T06:37:16.806Z,2
34.92.129.252,other,14,2026-06-13T14:45:28.677Z,1
34.93.208.225,path-traversal,21 15,2026-07-13T19:15:27.284Z,1
34.96.180.62,scanner,14 21,2026-06-13T12:53:58.924Z,1
34.101.52.85,path-traversal,21 15,2026-07-12T09:22:26.238Z,1
34.101.72.10,scanner,14 21,2026-06-09T13:24:52.966Z,1
34.105.58.9,scanner,14 21,2026-07-20T19:39:43.893Z,1
34.106.60.172,path-traversal,21 15,2026-07-13T19:21:51.446Z,1
34.106.159.96,scanner,14 21,2026-06-15T05:04:50.804Z,1
34.116.65.254,path-traversal,21 15,2026-07-13T19:22:16.561Z,1
34.123.82.129,scanner,14 21,2026-06-11T04:31:30.802Z,1
34.124.246.45,scanner,14 21,2026-07-15T13:19:36.175Z,1
34.126.178.37,scanner,14 21,2026-06-14T04:44:01.947Z,1
34.128.111.153,ssh,18 22,2026-06-21T16:05:02.967Z,3
34.138.198.0,scanner,14 21,2026-07-18T07:51:29.571Z,1
34.138.232.55,scanner,14 21,2026-07-21T13:25:48.646Z,1
34.140.7.217,scanner,14 21,2026-06-11T15:23:20.060Z,1
34.140.218.37,path-traversal,21 15,2026-07-13T19:21:57.501Z,1
34.143.149.96,scanner,14 21,2026-07-16T05:45:47.917Z,1
34.148.171.212,other,14,2026-06-11T19:30:12.731Z,1
34.149.211.113,path-traversal,21 15,2026-07-13T18:59:24.207Z,1
34.156.250.26,scanner,14 21,2026-06-09T15:12:22.867Z,1
34.158.72.181,scanner,14 21,2026-06-23T12:18:07.594Z,1
34.159.220.137,path-traversal,21 15,2026-07-13T19:22:45.029Z,1
34.160.117.141,path-traversal,21 15,2026-07-13T18:57:58.960Z,1
34.170.181.138,scanner,14 21,2026-06-05T05:11:06.028Z,1
34.170.189.242,scanner,14 21,2026-06-11T05:42:26.655Z,1
34.173.141.69,scanner,14 21,2026-06-24T11:45:27.154Z,1
34.178.21.247,ssh,18 22,2026-06-29T08:37:11.152Z,11
34.179.162.208,scanner,14 21,2026-06-09T07:59:24.920Z,1
34.181.208.48,scanner,14 21,2026-07-05T09:33:00.024Z,1
34.185.152.192,other,14,2026-06-10T10:44:19.635Z,5
34.186.4.54,scanner,14 21,2026-07-04T21:52:40.192Z,1
34.190.155.69,path-traversal,21 15,2026-07-12T09:21:16.538Z,1
34.207.182.63,path-traversal,21 15,2026-07-13T19:21:59.978Z,1
34.220.41.129,path-traversal,21 15,2026-07-13T19:16:00.958Z,1
34.224.31.22,scanner,14 21,2026-06-14T12:46:48.780Z,1
34.253.34.98,scanner,14 21,2026-07-12T09:29:13.928Z,1
35.0.185.19,path-traversal,21 15,2026-07-12T09:25:20.089Z,1
35.1.120.4,scanner,14 21,2026-07-12T08:50:31.620Z,1
35.3.222.147,scanner,14 21,2026-07-13T18:56:26.359Z,1
35.26.168.237,scanner,14 21,2026-07-13T19:00:43.759Z,1
35.30.13.52,scanner,14 21,2026-07-13T19:05:17.942Z,1
35.61.82.7,path-traversal,21 15,2026-07-12T09:22:51.574Z,1
35.65.48.83,path-traversal,21 15,2026-07-12T09:21:26.462Z,1
35.70.54.56,path-traversal,21 15,2026-07-12T09:11:19.363Z,1
35.76.111.198,path-traversal,21 15,2026-07-13T19:15:33.677Z,1
35.92.250.46,path-traversal,21 15,2026-07-12T09:23:07.637Z,1
35.103.86.127,scanner,14 21,2026-07-13T19:05:01.952Z,1
35.109.29.55,path-traversal,21 15,2026-07-12T09:11:16.548Z,1
35.113.102.117,path-traversal,21 15,2026-07-13T19:22:26.154Z,1
35.124.66.62,path-traversal,21 15,2026-07-13T19:22:33.303Z,1
35.136.181.187,path-traversal,21 15,2026-07-13T19:23:29.109Z,1
35.145.98.213,path-traversal,21 15,2026-07-12T09:24:05.499Z,1
35.151.160.241,path-traversal,21 15,2026-07-13T19:21:34.241Z,1
35.158.70.27,path-traversal,21 15,2026-07-12T09:27:51.520Z,1
35.168.146.231,path-traversal,21 15,2026-07-13T19:24:29.651Z,1
35.169.204.139,path-traversal,21 15,2026-07-13T19:22:08.414Z,1
35.179.17.24,path-traversal,21 15,2026-07-12T09:10:14.790Z,1
35.187.185.217,scanner,14 21,2026-06-08T08:23:19.626Z,1
35.187.231.181,ssh,18 22,2026-07-06T02:16:25.025Z,40
35.192.32.36,scanner,14 21,2026-06-08T12:22:16.570Z,1
35.195.205.53,path-traversal,21 15,2026-07-12T09:23:37.810Z,1
35.196.3.130,path-traversal,21 15,2026-07-12T09:25:00.748Z,1
35.196.34.191,other,14,2026-06-09T04:27:15.260Z,1
35.196.132.85,manual,14,2026-06-04T19:49:55.957Z,1
35.196.167.136,scanner,14 21,2026-06-21T14:53:33.472Z,1
35.198.211.205,scanner,14 21,2026-07-16T15:16:38.657Z,1
35.203.9.107,other,14,2026-06-15T23:17:23.574Z,3
35.209.143.181,path-traversal,21 15,2026-07-12T09:22:53.644Z,1
35.225.192.239,scanner,14 21,2026-07-11T22:30:24.185Z,1
35.229.91.247,path-traversal,21 15,2026-07-13T19:15:34.858Z,1
35.232.39.21,scanner,14 21,2026-06-08T16:50:28.671Z,1
35.236.107.50,path-traversal,21 15,2026-07-13T18:59:18.983Z,1
35.236.241.7,path-traversal,21 15,2026-07-13T19:21:57.043Z,1
35.246.85.160,scanner,14 21,2026-06-15T04:43:28.387Z,1
35.247.248.246,scanner,14 21,2026-06-14T22:52:46.371Z,1
35.252.127.218,scanner,14 21,2026-07-14T11:36:35.262Z,1
35.253.166.18,path-traversal,21 15,2026-07-13T19:23:05.522Z,1
36.41.186.9,ssh,18 22,2026-06-25T17:25:13.521Z,1
36.50.134.218,ssh,18 22,2026-07-10T07:17:26.021Z,1
36.68.125.232,scanner,14 21,2026-07-16T08:54:05.990Z,1
36.133.44.233,ssh,18 22,2026-07-20T06:52:07.116Z,1
36.134.54.182,ssh,18 22,2026-07-13T10:37:09.785Z,1
36.138.78.195,ssh,18 22,2026-07-06T08:43:45.386Z,1
36.138.132.164,ssh,18 22,2026-06-08T05:39:06.003Z,1
36.138.252.97,ssh,18 22,2026-06-07T18:51:44.988Z,1
36.139.229.71,ssh,18 22,2026-07-18T08:44:11.506Z,1
36.156.9.126,ssh,18 22,2026-07-12T16:03:07.977Z,1
36.212.129.250,ssh,18 22,2026-07-01T21:44:05.979Z,1
36.250.111.140,ssh,18 22,2026-06-10T06:12:28.800Z,1
37.60.229.14,ssh,18 22,2026-06-07T07:32:19.449Z,1
38.156.13.6,ssh,18 22,2026-06-07T07:03:03.438Z,1
38.253.224.31,other,14,2026-07-06T15:46:26.845Z,1
38.253.224.38,scanner,14 21,2026-07-09T18:08:35.853Z,1
39.171.252.186,ssh,18 22,2026-06-20T14:26:46.849Z,1
40.74.68.49,scanner,14 21,2026-06-28T10:35:20.552Z,1
40.85.222.74,other,14,2026-06-22T16:05:03.028Z,1
41.142.0.48,scanner,14 21,2026-06-11T21:26:13.901Z,1
41.143.162.78,scanner,14 21,2026-06-18T19:09:55.543Z,1
41.143.185.23,scanner,14 21,2026-06-27T17:00:56.902Z,1
41.205.23.59,ssh,18 22,2026-07-08T14:57:30.148Z,1
42.203.111.50,ssh,18 22,2026-06-13T08:08:53.963Z,1
43.137.18.128,ssh,18 22,2026-06-08T01:13:42.794Z,1
43.156.250.17,ssh,18 22,2026-07-12T16:21:29.937Z,1
43.163.127.237,other,14,2026-07-21T06:22:33.853Z,1
43.225.90.176,ssh,18 22,2026-06-24T22:54:35.765Z,6
43.226.36.171,ssh,18 22,2026-06-14T11:48:03.135Z,1
43.226.38.130,ssh,18 22,2026-06-10T19:09:33.310Z,1
43.226.47.213,ssh,18 22,2026-06-22T10:12:55.529Z,1
43.228.157.121,ssh,18 22,2026-07-11T21:46:13.760Z,1
43.254.106.125,ssh,18 22,2026-07-04T18:47:31.802Z,1
44.7.75.176,path-traversal,21 15,2026-07-12T09:22:34.526Z,1
44.28.94.16,path-traversal,21 15,2026-07-12T09:23:15.229Z,1
44.45.120.30,scanner,14 21,2026-07-12T08:45:49.050Z,1
44.47.136.188,path-traversal,21 15,2026-07-13T19:22:39.089Z,1
44.48.219.55,path-traversal,21 15,2026-07-13T19:22:13.120Z,1
44.70.58.58,path-traversal,21 15,2026-07-12T09:25:10.659Z,1
44.79.91.35,scanner,14 21,2026-07-12T08:50:44.834Z,1
44.81.189.96,path-traversal,21 15,2026-07-12T09:21:25.198Z,1
44.85.239.193,path-traversal,21 15,2026-07-12T09:10:58.473Z,1
44.86.60.191,path-traversal,21 15,2026-07-12T09:25:08.865Z,1
44.105.221.116,path-traversal,21 15,2026-07-12T09:10:24.290Z,1
44.108.196.159,path-traversal,21 15,2026-07-12T09:10:56.639Z,1
44.109.29.99,path-traversal,21 15,2026-07-12T09:24:52.616Z,1
44.115.163.185,path-traversal,21 15,2026-07-13T18:59:12.003Z,1
44.122.158.120,path-traversal,21 15,2026-07-12T09:27:18.955Z,1
44.129.77.107,path-traversal,21 15,2026-07-13T19:22:50.324Z,1
44.138.196.67,path-traversal,21 15,2026-07-13T19:15:15.814Z,1
44.151.104.176,path-traversal,21 15,2026-07-13T19:23:15.325Z,1
44.151.241.127,path-traversal,21 15,2026-07-12T09:10:24.509Z,1
44.164.22.229,path-traversal,21 15,2026-07-12T09:24:13.717Z,1
44.165.241.61,path-traversal,21 15,2026-07-12T09:23:32.576Z,1
44.168.242.62,path-traversal,21 15,2026-07-13T19:22:52.709Z,1
44.172.123.205,path-traversal,21 15,2026-07-13T19:24:29.025Z,1
44.190.14.147,scanner,14 21,2026-07-13T19:23:44.601Z,1
44.202.190.96,scanner,14 21,2026-07-13T19:05:11.993Z,1
44.210.79.180,path-traversal,21 15,2026-07-13T19:22:20.121Z,1
44.215.83.35,scanner,14 21,2026-07-13T19:24:21.643Z,1
44.232.154.145,path-traversal,21 15,2026-07-13T19:15:42.995Z,1
45.8.132.4,ssh,18 22,2026-06-08T00:27:05.198Z,1
45.43.166.30,scanner,14 21,2026-07-03T05:20:25.994Z,1
45.55.92.85,scanner,14 21,2026-07-14T12:41:22.695Z,1
45.88.138.44,scanner,14 21,2026-06-05T00:50:56.955Z,1
45.92.1.242,scanner,14 21,2026-06-07T01:06:00.332Z,1
45.94.209.112,ssh,18 22,2026-06-07T22:16:43.478Z,1
45.114.125.24,ssh,18 22,2026-06-08T10:19:07.428Z,1
45.135.194.48,ssh,18 22,2026-07-01T06:56:36.426Z,10
45.139.104.214,scanner,14 21,2026-06-07T06:41:55.661Z,1
45.148.10.15,scanner,14 21,2026-06-17T14:10:14.963Z,1
45.148.10.21,scanner,14 21,2026-06-08T20:06:52.767Z,1
45.148.10.62,other,14,2026-07-02T05:57:25.084Z,4
45.148.10.64,scanner,14 21,2026-07-09T19:29:26.443Z,1
45.148.10.67,scanner,14 21,2026-06-27T01:54:24.016Z,1
45.148.10.95,scanner,14 21,2026-07-09T09:47:16.667Z,1
45.148.10.120,scanner,14 21,2026-06-05T02:53:19.587Z,1
45.148.10.204,manual,14,2026-06-04T19:51:09.039Z,1
45.148.10.238,other,14,2026-07-08T06:52:21.629Z,2
45.148.10.244,scanner,14 21,2026-06-27T19:16:29.872Z,1
45.148.10.247,other,14,2026-06-23T09:23:41.460Z,1
45.153.34.182,scanner,14 21,2026-07-07T08:14:32.179Z,1
45.156.87.177,scanner,14 21,2026-06-18T16:31:58.751Z,1
46.8.245.94,ssh,18 22,2026-06-13T01:39:00.803Z,1
46.23.108.237,scanner,14 21,2026-07-08T12:21:49.954Z,1
46.62.184.25,ssh,18 22,2026-06-07T19:21:46.960Z,1
46.62.211.120,ssh,18 22,2026-06-08T03:01:18.403Z,1
46.62.225.25,ssh,18 22,2026-06-07T23:46:03.274Z,1
46.101.1.225,scanner,14 21,2026-07-07T18:41:30.588Z,1
46.226.162.113,other,14,2026-06-15T03:45:17.825Z,2
46.249.98.62,ssh,18 22,2026-06-26T06:37:18.968Z,10
47.84.121.120,scanner,14 21,2026-07-15T01:25:46.539Z,1
47.237.108.40,scanner,14 21,2026-06-05T08:49:32.286Z,1
49.12.145.66,ssh,18 22,2026-06-08T02:29:57.434Z,1
49.84.226.110,ssh,18 22,2026-07-08T03:00:54.701Z,1
49.235.166.51,ssh,18 22,2026-06-07T07:56:13.248Z,1
50.3.219.15,scanner,14 21,2026-07-12T09:25:45.915Z,1
50.14.249.146,path-traversal,21 15,2026-07-12T09:11:45.015Z,1
50.19.15.150,path-traversal,21 15,2026-07-13T19:15:32.338Z,1
50.23.195.190,path-traversal,21 15,2026-07-12T09:23:40.615Z,1
50.30.174.246,path-traversal,21 15,2026-07-13T19:24:43.860Z,1
50.34.115.177,path-traversal,21 15,2026-07-13T18:59:21.155Z,1
50.36.203.150,path-traversal,21 15,2026-07-12T09:23:37.014Z,1
50.50.241.133,path-traversal,21 15,2026-07-12T09:10:08.390Z,1
50.54.51.99,path-traversal,21 15,2026-07-13T19:23:28.573Z,1
50.57.232.164,path-traversal,21 15,2026-07-12T09:27:51.321Z,1
50.65.22.87,path-traversal,21 15,2026-07-12T09:27:09.372Z,1
50.100.106.15,path-traversal,21 15,2026-07-12T09:23:42.352Z,1
50.101.84.142,path-traversal,21 15,2026-07-12T09:22:35.441Z,1
50.107.89.90,path-traversal,21 15,2026-07-13T19:15:53.241Z,1
50.116.96.227,path-traversal,21 15,2026-07-12T09:11:06.243Z,1
50.122.71.172,path-traversal,21 15,2026-07-13T19:23:19.696Z,1
50.136.147.63,path-traversal,21 15,2026-07-12T09:11:19.476Z,1
50.142.112.102,path-traversal,21 15,2026-07-12T09:21:51.473Z,1
50.142.240.220,path-traversal,21 15,2026-07-13T19:21:41.818Z,1
50.166.223.54,path-traversal,21 15,2026-07-13T19:22:06.303Z,1
50.172.5.3,path-traversal,21 15,2026-07-12T09:23:11.926Z,1
50.180.111.250,path-traversal,21 15,2026-07-12T09:24:09.971Z,1
50.190.137.209,path-traversal,21 15,2026-07-12T09:10:16.377Z,1
50.216.88.134,path-traversal,21 15,2026-07-13T19:15:59.911Z,1
50.216.125.157,path-traversal,21 15,2026-07-12T09:25:29.348Z,1
50.222.95.108,path-traversal,21 15,2026-07-13T19:23:27.878Z,1
50.230.127.165,path-traversal,21 15,2026-07-13T18:58:19.306Z,1
50.238.139.182,path-traversal,21 15,2026-07-13T19:23:11.564Z,1
50.245.23.128,path-traversal,21 15,2026-07-13T19:23:58.495Z,1
50.251.219.26,path-traversal,21 15,2026-07-12T09:22:52.066Z,1
50.253.188.172,path-traversal,21 15,2026-07-12T09:24:14.942Z,1
51.83.154.221,ssh,18 22,2026-06-08T01:55:59.697Z,1
51.103.46.9,other,14,2026-07-04T18:49:31.032Z,1
51.159.0.93,other,14,2026-06-20T09:42:40.591Z,1
51.159.0.148,other,14,2026-06-15T16:00:36.782Z,1
51.159.0.166,other,14,2026-06-30T21:42:27.831Z,1
51.159.7.51,other,14,2026-06-29T18:42:51.527Z,1
51.159.20.76,other,14,2026-06-10T23:41:35.394Z,1
52.9.150.10,path-traversal,21 15,2026-07-12T09:27:19.183Z,1
52.21.184.11,path-traversal,21 15,2026-07-12T09:23:40.413Z,1
52.22.31.253,path-traversal,21 15,2026-07-12T09:21:36.276Z,1
52.29.43.224,path-traversal,21 15,2026-07-12T09:27:50.279Z,1
52.31.143.47,path-traversal,21 15,2026-07-13T19:23:01.559Z,1
52.37.191.187,path-traversal,21 15,2026-07-13T19:22:53.700Z,1
52.57.89.179,path-traversal,21 15,2026-07-12T09:10:54.279Z,1
52.60.224.167,path-traversal,21 15,2026-07-13T19:16:01.477Z,1
52.61.8.126,path-traversal,21 15,2026-07-13T19:22:23.189Z,1
52.78.72.79,path-traversal,21 15,2026-07-13T19:23:23.856Z,1
52.81.85.139,path-traversal,21 15,2026-07-12T09:11:50.960Z,1
52.86.233.78,path-traversal,21 15,2026-07-13T19:21:43.964Z,1
52.91.52.220,path-traversal,21 15,2026-07-12T09:10:11.779Z,1
52.104.213.95,path-traversal,21 15,2026-07-12T09:27:24.217Z,1
52.110.106.244,path-traversal,21 15,2026-07-12T09:25:22.256Z,1
52.121.246.159,path-traversal,21 15,2026-07-13T19:22:41.318Z,1
52.123.244.206,scanner,14 21,2026-07-13T19:23:44.085Z,1
52.132.18.99,path-traversal,21 15,2026-07-12T09:11:25.378Z,1
52.138.3.29,scanner,14 21,2026-06-26T13:35:25.966Z,1
52.139.36.144,scanner,14 21,2026-07-21T04:56:58.908Z,1
52.139.130.15,path-traversal,21 15,2026-07-13T19:23:19.151Z,1
52.143.243.171,path-traversal,21 15,2026-07-12T09:10:56.975Z,1
52.153.58.65,scanner,14 21,2026-07-12T09:25:45.714Z,1
52.158.55.149,path-traversal,21 15,2026-07-13T19:23:27.290Z,1
52.176.111.31,scanner,14 21,2026-07-12T09:25:36.134Z,1
52.178.175.225,scanner,14 21,2026-06-25T07:48:34.346Z,1
52.179.103.50,scanner,14 21,2026-07-13T19:24:18.881Z,1
52.186.69.55,path-traversal,21 15,2026-07-12T09:25:18.470Z,1
52.187.244.80,path-traversal,21 15,2026-07-12T09:11:33.344Z,1
52.203.140.194,path-traversal,21 15,2026-07-12T09:21:24.961Z,1
52.210.62.88,path-traversal,21 15,2026-07-13T19:15:47.928Z,1
52.221.189.125,scanner,14 21,2026-06-24T21:46:58.627Z,1
52.227.19.132,path-traversal,21 15,2026-07-13T19:23:03.098Z,1
52.230.250.68,scanner,14 21,2026-06-22T13:07:11.283Z,1
52.238.213.109,scanner,14 21,2026-06-16T20:19:00.290Z,1
52.242.128.238,scanner,14 21,2026-06-18T10:46:52.138Z,1
52.243.62.144,scanner,14 21,2026-07-01T11:47:39.386Z,1
52.249.170.56,scanner,14 21,2026-07-13T19:03:44.394Z,1
52.253.101.220,scanner,14 21,2026-07-06T14:17:22.019Z,1
54.2.153.68,path-traversal,21 15,2026-07-13T19:22:32.450Z,1
54.9.232.238,path-traversal,21 15,2026-07-12T09:27:23.221Z,1
54.18.106.239,scanner,14 21,2026-07-13T19:02:11.822Z,1
54.40.183.51,scanner,14 21,2026-07-13T19:02:24.711Z,1
54.41.77.167,path-traversal,21 15,2026-07-12T09:23:17.422Z,1
54.70.230.2,path-traversal,21 15,2026-07-13T19:15:46.111Z,1
54.79.95.111,path-traversal,21 15,2026-07-13T19:24:53.644Z,1
54.82.81.237,scanner,14 21,2026-07-13T19:00:32.576Z,1
54.83.59.149,path-traversal,21 15,2026-07-12T09:22:43.325Z,1
54.87.29.236,path-traversal,21 15,2026-07-12T09:23:48.925Z,1
54.89.255.192,scanner,14 21,2026-06-14T01:19:33.777Z,1
54.124.166.157,path-traversal,21 15,2026-07-13T19:15:50.440Z,1
54.136.168.220,scanner,14 21,2026-07-12T08:41:37.752Z,1
54.138.210.204,path-traversal,21 15,2026-07-12T09:25:24.752Z,1
54.158.142.125,path-traversal,21 15,2026-07-13T19:21:46.465Z,1
54.159.238.95,path-traversal,21 15,2026-07-13T19:24:43.415Z,1
54.169.38.61,scanner,14 21,2026-06-23T09:04:27.070Z,1
54.181.131.253,path-traversal,21 15,2026-07-13T19:22:32.934Z,1
54.194.152.85,path-traversal,21 15,2026-07-12T09:10:59.712Z,1
54.196.202.95,path-traversal,21 15,2026-07-12T09:23:14.674Z,1
54.219.78.129,path-traversal,21 15,2026-07-12T09:22:07.780Z,1
54.225.52.227,scanner,14 21,2026-06-16T18:06:44.896Z,1
54.233.17.170,scanner,14 21,2026-06-06T10:15:31.783Z,1
54.233.179.87,path-traversal,21 15,2026-07-12T09:23:52.491Z,1
54.246.105.138,scanner,14 21,2026-07-13T19:06:20.116Z,1
54.247.227.181,path-traversal,21 15,2026-07-12T09:27:18.649Z,1
54.249.125.28,path-traversal,21 15,2026-07-12T09:21:37.464Z,1
57.131.49.91,ssh,18 22,2026-06-07T18:34:59.527Z,1
57.131.51.229,ssh,18 22,2026-06-08T00:42:24.567Z,1
58.152.212.239,ssh,18 22,2026-06-22T19:08:01.160Z,1
58.218.178.134,ssh,18 22,2026-06-30T18:39:44.801Z,1
58.223.165.154,ssh,18 22,2026-07-17T05:27:50.385Z,1
59.26.193.177,ssh,18 22,2026-06-06T04:56:21.541Z,1
59.47.131.34,ssh,18 22,2026-06-17T21:21:54.666Z,1
59.92.50.157,ssh,18 22,2026-06-09T06:00:04.670Z,1
60.208.119.78,ssh,18 22,2026-06-06T07:55:50.392Z,1
61.28.113.246,ssh,18 22,2026-07-07T03:19:06.151Z,1
61.84.211.107,ssh,18 22,2026-06-20T19:52:29.454Z,1
61.132.225.174,ssh,18 22,2026-07-17T04:56:06.307Z,1
61.162.234.23,ssh,18 22,2026-06-11T22:07:25.415Z,1
61.178.209.47,ssh,18 22,2026-06-24T16:35:34.048Z,1
62.60.130.230,scanner,14 21,2026-07-01T05:32:42.941Z,1
62.89.29.174,ssh,18 22,2026-07-10T15:25:24.818Z,1
62.171.169.98,ssh,18 22,2026-06-07T22:00:50.991Z,1
62.171.184.24,ssh,18 22,2026-06-07T23:53:39.852Z,1
64.89.161.82,scanner,14 21,2026-07-18T09:02:47.581Z,1
64.202.190.35,ssh,18 22,2026-06-08T03:46:06.117Z,1
64.226.126.224,ssh,18 22,2026-07-13T04:56:27.743Z,4
65.0.20.26,scanner,14 21,2026-06-19T15:05:08.934Z,1
65.21.107.0,ssh,18 22,2026-06-07T22:08:02.922Z,1
65.49.139.223,ssh,18 22,2026-07-09T22:27:08.745Z,1
65.52.160.255,scanner,14 21,2026-06-28T02:02:31.526Z,1
66.116.237.163,ssh,18 22,2026-06-07T21:40:52.589Z,1
68.183.89.16,ssh,18 22,2026-06-07T17:26:22.574Z,1
68.211.112.79,ssh,18 22,2026-06-22T04:44:24.035Z,1
68.221.195.145,scanner,14 21,2026-06-26T15:10:12.521Z,1
71.57.253.221,ssh,18 22,2026-07-14T16:03:46.168Z,1
71.206.190.209,ssh,18 22,2026-07-07T12:29:48.809Z,2
72.14.147.205,scanner,14 21,2026-06-23T07:11:59.058Z,1
72.60.245.126,ssh,18 22,2026-06-22T04:43:07.938Z,1
72.61.171.227,ssh,18 22,2026-07-01T12:20:50.823Z,1
72.61.237.61,ssh,18 22,2026-06-22T05:18:54.853Z,1
72.146.1.254,other,14,2026-06-24T01:15:53.634Z,1
72.146.44.117,other,14,2026-06-27T23:57:46.722Z,1
74.234.77.71,other,14,2026-07-04T00:43:51.511Z,1
74.248.36.50,scanner,14 21,2026-06-29T11:18:22.190Z,1
74.248.158.250,scanner,14 21,2026-06-25T20:37:41.829Z,1
74.249.245.134,other,14,2026-07-22T03:14:28.294Z,1
76.13.30.168,ssh,18 22,2026-06-22T01:23:54.185Z,1
76.13.190.249,ssh,18 22,2026-07-01T09:14:15.001Z,1
77.37.44.221,ssh,18 22,2026-06-22T04:51:30.344Z,1
77.42.68.88,ssh,18 22,2026-06-07T13:19:47.776Z,1
77.83.39.194,scanner,14 21,2026-06-06T18:30:01.554Z,1
77.90.185.20,ssh,18 22,2026-07-05T14:38:13.687Z,1
77.90.185.33,ssh,18 22,2026-06-07T06:54:20.146Z,1
77.90.185.100,ssh,18 22,2026-07-01T01:33:39.953Z,1
77.105.168.38,ssh,18 22,2026-07-08T14:29:51.649Z,1
77.243.80.168,ssh,18 22,2026-06-08T02:53:58.445Z,1
77.243.184.227,manual,14,2026-06-05T19:46:40.446Z,1
78.128.112.74,ssh,18 22,2026-06-15T09:25:35.541Z,1
79.35.249.111,manual,14,2026-06-04T19:50:47.012Z,1
79.108.218.58,ssh,18 22,2026-06-07T23:11:13.321Z,1
79.116.97.66,ssh,18 22,2026-06-09T17:20:14.040Z,1
79.117.56.252,ssh,18 22,2026-06-18T04:43:55.845Z,2
80.49.158.68,ssh,18 22,2026-06-11T04:41:25.413Z,1
80.78.28.84,scanner,14 21,2026-06-22T07:05:49.367Z,1
80.94.92.178,ssh,18 22,2026-06-14T09:28:15.054Z,1
80.211.141.212,ssh,18 22,2026-06-22T01:11:08.243Z,1
81.171.74.60,scanner,14 21,2026-07-18T17:41:25.015Z,1
82.39.206.154,scanner,14 21,2026-07-13T09:42:05.897Z,1
82.39.212.219,scanner,14 21,2026-07-04T21:27:50.048Z,1
82.39.212.242,scanner,14 21,2026-07-21T05:54:26.152Z,1
82.102.18.180,scanner,14 21,2026-06-12T16:35:45.473Z,1
82.102.18.190,scanner,14 21,2026-06-16T11:53:51.102Z,1
82.145.215.206,other,14,2026-06-23T15:45:25.473Z,1
83.168.107.97,ssh,18 22,2026-06-05T17:15:22.646Z,1
83.177.240.110,ssh,18 22,2026-06-30T10:47:15.494Z,2
83.227.59.135,ssh,18 22,2026-07-13T19:06:05.451Z,1
84.17.43.206,manual,14,2026-06-06T17:01:44.167Z,1
84.17.60.236,scanner,14 21,2026-07-01T03:56:19.982Z,1
84.17.60.251,scanner,14 21,2026-06-06T21:10:14.785Z,1
84.233.212.44,scanner,14 21,2026-07-14T11:41:11.489Z,1
84.247.168.74,ssh,18 22,2026-07-07T14:58:29.466Z,1
85.11.167.228,ssh,18 22,2026-07-16T22:58:19.428Z,2
85.175.72.188,ssh,18 22,2026-07-04T08:42:30.622Z,1
85.204.70.96,manual,14,2026-06-08T11:47:05.378Z,1
85.204.70.100,scanner,14 21,2026-06-08T06:46:52.874Z,1
86.38.238.75,scanner,14 21,2026-06-06T03:32:58.723Z,1
88.198.92.200,scanner,14 21,2026-07-01T16:24:14.361Z,1
89.167.120.76,ssh,18 22,2026-06-07T15:48:15.292Z,1
90.162.116.66,ssh,18 22,2026-06-07T21:52:53.015Z,1
91.92.42.63,scanner,14 21,2026-06-05T22:18:39.735Z,1
91.92.42.86,scanner,14 21,2026-07-10T04:09:49.896Z,1
91.92.42.182,scanner,14 21,2026-06-14T16:47:00.151Z,1
91.92.241.196,other,14,2026-06-17T04:25:53.940Z,2
91.148.245.81,scanner,14 21,2026-07-18T05:41:30.927Z,1
91.192.10.101,scanner,14 21,2026-07-19T06:58:59.666Z,1
91.224.92.17,ssh,18 22,2026-06-17T23:13:09.241Z,1
92.4.76.12,ssh,18 22,2026-06-24T09:08:52.738Z,1
92.255.170.48,ssh,18 22,2026-06-08T06:36:57.066Z,1
93.62.72.229,ssh,18 22,2026-07-18T04:14:38.927Z,1
93.89.113.60,ssh,18 22,2026-06-28T04:01:29.740Z,10
93.123.109.10,scanner,14 21,2026-06-30T20:15:31.194Z,1
93.123.109.101,scanner,14 21,2026-07-19T08:00:12.216Z,1
93.123.109.102,scanner,14 21,2026-06-30T23:42:00.077Z,1
93.123.109.105,other,14,2026-06-18T21:59:03.391Z,1
93.123.109.152,other,14,2026-06-15T02:14:19.292Z,2
93.123.109.166,other,14,2026-06-10T07:47:06.148Z,1
93.152.221.13,scanner,14 21,2026-07-07T04:03:23.047Z,1
94.154.43.177,scanner,14 21,2026-07-10T05:48:58.883Z,1
94.154.43.178,scanner,14 21,2026-07-07T12:01:55.916Z,1
94.154.43.179,other,14,2026-07-16T12:43:24.915Z,2
94.154.43.183,other,14,2026-07-07T21:05:02.540Z,1
94.154.43.184,other,14,2026-07-18T08:53:27.605Z,2
94.154.43.185,other,14,2026-07-12T02:46:20.402Z,1
94.154.43.186,other,14,2026-07-09T21:39:25.104Z,2
94.154.43.187,scanner,14 21,2026-07-12T10:40:26.043Z,1
94.154.43.188,scanner,14 21,2026-07-07T08:30:18.615Z,1
94.154.43.229,scanner,14 21,2026-07-08T13:37:16.067Z,1
94.154.43.230,ssh,18 22,2026-07-15T00:01:11.609Z,3
94.154.43.239,ssh,18 22,2026-07-12T13:08:32.087Z,7
94.154.43.254,ssh,18 22,2026-07-06T03:58:15.941Z,11
95.220.204.16,ssh,18 22,2026-06-15T14:12:43.048Z,1
97.74.86.176,ssh,18 22,2026-06-22T01:09:18.468Z,1
101.33.249.217,ssh,18 22,2026-07-14T01:28:36.652Z,1
101.35.9.201,ssh,18 22,2026-06-06T04:49:03.900Z,2
101.36.122.129,ssh,18 22,2026-06-08T05:57:50.722Z,1
101.96.202.228,ssh,18 22,2026-06-16T05:16:52.702Z,1
101.96.225.252,ssh,18 22,2026-07-05T04:02:31.350Z,2
101.100.194.252,ssh,18 22,2026-06-07T20:55:13.793Z,1
101.126.4.215,ssh,18 22,2026-07-11T23:24:35.482Z,1
101.126.20.195,ssh,18 22,2026-06-06T15:56:44.130Z,1
101.126.43.232,ssh,18 22,2026-06-28T17:00:32.943Z,1
103.24.212.46,ssh,18 22,2026-06-06T07:45:03.703Z,1
103.58.251.66,ssh,18 22,2026-07-17T00:44:22.535Z,1
103.85.85.175,ssh,18 22,2026-07-17T03:12:25.695Z,1
103.114.161.158,ssh,18 22,2026-07-14T03:43:34.028Z,1
103.127.207.14,ssh,18 22,2026-06-07T16:22:36.264Z,1
103.133.56.8,ssh,18 22,2026-06-08T07:52:49.801Z,1
103.160.153.158,ssh,18 22,2026-07-08T15:42:59.515Z,1
103.219.32.239,ssh,18 22,2026-06-29T09:30:24.904Z,1
103.236.96.84,ssh,18 22,2026-07-02T01:39:03.982Z,1
103.251.247.198,ssh,18 22,2026-06-07T07:11:40.385Z,1
104.28.162.57,scanner,14 21,2026-06-15T19:36:17.521Z,1
104.28.164.226,scanner,14 21,2026-06-15T19:36:19.843Z,1
104.28.195.186,scanner,14 21,2026-07-09T06:49:54.453Z,1
104.28.208.49,other,14,2026-06-12T07:04:06.427Z,1
104.28.211.187,scanner,14 21,2026-07-16T12:51:43.633Z,1
104.28.214.113,scanner,14 21,2026-07-03T01:40:01.099Z,1
104.28.219.196,other,14,2026-07-20T23:41:55.368Z,4
104.28.227.187,scanner,14 21,2026-07-09T14:08:27.524Z,1
104.28.243.188,scanner,14 21,2026-07-13T23:05:38.581Z,1
104.152.209.148,ssh,18 22,2026-06-22T02:44:21.875Z,1
104.168.115.241,scanner,14 21,2026-07-08T09:59:41.025Z,1
104.182.37.140,ssh,18 22,2026-06-16T03:10:25.084Z,1
104.199.80.67,scanner,14 21,2026-06-08T10:45:07.177Z,1
104.207.55.244,scanner,14 21,2026-07-21T11:54:38.078Z,1
104.208.73.251,scanner,14 21,2026-07-04T20:48:43.007Z,1
104.208.92.111,other,14,2026-07-15T22:46:20.816Z,1
104.225.250.214,ssh,18 22,2026-07-10T15:29:36.319Z,1
104.234.174.94,ssh,18 22,2026-06-10T17:29:10.981Z,1
104.244.78.33,scanner,14 21,2026-07-05T19:17:01.984Z,1
104.248.56.87,scanner,14 21,2026-06-23T09:08:19.063Z,1
106.12.172.151,ssh,18 22,2026-06-22T12:38:41.391Z,1
106.12.181.132,ssh,18 22,2026-07-16T12:40:41.494Z,1
106.13.7.239,ssh,18 22,2026-06-07T06:54:38.330Z,1
106.13.38.13,ssh,18 22,2026-06-20T03:31:36.020Z,1
106.13.120.65,ssh,18 22,2026-07-05T19:58:39.924Z,1
106.13.144.200,ssh,18 22,2026-07-02T01:44:54.325Z,1
106.13.194.171,ssh,18 22,2026-06-10T21:28:07.838Z,1
106.63.26.13,scanner,14 21,2026-06-24T04:42:10.627Z,1
106.63.26.22,scanner,14 21,2026-07-13T01:34:30.844Z,1
106.63.26.28,scanner,14 21,2026-07-12T19:02:18.798Z,1
106.75.166.71,ssh,18 22,2026-07-13T22:18:37.993Z,1
106.124.147.169,ssh,18 22,2026-06-21T22:17:29.321Z,1
107.150.102.71,other,14,2026-07-06T15:53:30.596Z,1
107.170.52.128,scanner,14 21,2026-06-25T05:10:23.461Z,1
108.174.147.120,ssh,18 22,2026-06-07T18:23:44.018Z,1
110.43.37.72,ssh,18 22,2026-06-27T13:42:50.596Z,1
111.26.6.111,ssh,18 22,2026-06-08T15:42:30.335Z,1
111.35.7.46,ssh,18 22,2026-07-03T06:49:11.595Z,2
111.53.0.169,ssh,18 22,2026-06-10T03:17:26.465Z,1
111.59.125.171,ssh,18 22,2026-06-08T03:09:24.586Z,1
112.25.252.49,ssh,18 22,2026-07-15T05:57:11.456Z,1
112.29.103.86,ssh,18 22,2026-06-09T14:59:57.382Z,1
112.185.48.244,ssh,18 22,2026-06-22T12:17:47.778Z,1
113.141.80.24,ssh,18 22,2026-06-18T12:47:05.110Z,1
113.142.60.99,ssh,18 22,2026-06-12T06:30:07.516Z,1
113.142.162.15,ssh,18 22,2026-07-16T22:18:58.845Z,1
114.66.37.86,ssh,18 22,2026-07-20T16:23:23.575Z,1
114.202.253.7,ssh,18 22,2026-06-07T17:54:17.059Z,1
114.216.7.247,scanner,14 21,2026-06-26T17:17:21.765Z,1
114.245.48.116,ssh,18 22,2026-06-18T07:13:02.962Z,1
115.190.138.119,ssh,18 22,2026-06-24T02:32:13.324Z,1
115.190.165.165,ssh,18 22,2026-06-16T19:41:20.268Z,1
115.190.171.172,ssh,18 22,2026-07-15T14:35:01.520Z,1
115.190.213.27,ssh,18 22,2026-06-25T16:39:38.302Z,1
115.190.227.186,ssh,18 22,2026-06-07T08:41:18.998Z,1
115.190.238.96,ssh,18 22,2026-06-08T21:11:44.092Z,1
115.190.248.35,ssh,18 22,2026-07-18T12:13:31.734Z,1
115.190.255.229,ssh,18 22,2026-07-01T02:59:57.669Z,1
115.191.40.40,ssh,18 22,2026-07-01T07:06:34.116Z,1
116.25.93.50,ssh,18 22,2026-06-09T01:41:03.752Z,1
116.98.58.244,ssh,18 22,2026-06-23T09:07:22.463Z,2
116.118.9.158,ssh,18 22,2026-06-08T05:16:27.746Z,1
117.50.182.94,ssh,18 22,2026-06-23T07:44:48.032Z,1
117.68.87.107,ssh,18 22,2026-06-15T22:50:37.690Z,1
117.72.32.172,ssh,18 22,2026-06-07T15:50:19.679Z,1
117.72.98.80,ssh,18 22,2026-06-11T03:35:22.829Z,1
117.72.211.35,ssh,18 22,2026-06-05T23:22:26.305Z,1
117.149.196.165,ssh,18 22,2026-06-19T14:17:59.745Z,1
117.184.105.34,ssh,18 22,2026-07-11T14:25:05.835Z,1
118.33.246.155,ssh,18 22,2026-06-23T23:23:05.777Z,1
118.139.165.143,ssh,18 22,2026-07-14T00:43:57.352Z,1
118.196.13.204,ssh,18 22,2026-07-01T02:39:25.763Z,1
118.196.84.13,ssh,18 22,2026-06-16T20:51:02.232Z,1
118.196.101.94,ssh,18 22,2026-07-16T13:58:27.762Z,1
118.252.27.84,ssh,18 22,2026-07-14T12:49:24.856Z,1
120.48.2.29,ssh,18 22,2026-07-11T03:00:15.415Z,1
120.48.21.145,ssh,18 22,2026-06-28T05:35:44.324Z,1
120.48.45.182,ssh,18 22,2026-07-07T02:03:34.651Z,1
120.48.60.18,ssh,18 22,2026-07-20T14:05:59.780Z,1
120.48.71.252,ssh,18 22,2026-06-23T23:13:20.402Z,1
120.48.88.69,ssh,18 22,2026-06-10T08:05:56.116Z,1
120.48.126.99,ssh,18 22,2026-07-13T02:18:37.533Z,1
120.48.155.60,ssh,18 22,2026-06-27T10:28:52.297Z,1
120.133.60.156,ssh,18 22,2026-06-07T22:51:50.108Z,1
120.201.121.2,ssh,18 22,2026-06-27T01:24:23.621Z,1
120.224.172.222,ssh,18 22,2026-06-20T22:09:23.074Z,1
121.29.5.109,ssh,18 22,2026-07-19T21:39:38.090Z,1
121.29.5.181,ssh,18 22,2026-07-05T14:05:48.151Z,1
121.161.242.168,ssh,18 22,2026-06-08T04:27:28.763Z,1
122.165.78.242,ssh,18 22,2026-06-14T22:24:22.862Z,2
124.117.228.98,ssh,18 22,2026-07-15T20:26:57.215Z,1
124.174.36.222,ssh,18 22,2026-06-21T18:16:35.493Z,1
124.220.107.230,ssh,18 22,2026-07-14T02:11:19.011Z,1
124.225.4.88,ssh,18 22,2026-06-23T19:33:59.710Z,1
125.72.145.27,ssh,18 22,2026-07-13T10:15:59.651Z,1
125.91.117.237,scanner,14 21,2026-06-26T17:17:24.854Z,1
125.93.252.89,ssh,18 22,2026-07-05T22:58:43.397Z,1
125.118.241.242,ssh,18 22,2026-06-25T19:13:30.966Z,1
125.132.34.65,ssh,18 22,2026-06-20T11:21:27.127Z,1
128.90.145.17,scanner,14 21,2026-06-14T03:28:04.009Z,1
128.199.129.101,manual,14,2026-06-04T22:00:05.831Z,1
129.121.32.44,ssh,18 22,2026-06-08T10:35:21.764Z,1
129.121.103.98,scanner,14 21,2026-06-06T03:17:37.973Z,1
129.213.142.121,ssh,18 22,2026-07-08T14:28:44.732Z,1
130.12.180.51,ssh,18 22,2026-06-05T17:47:16.131Z,1
130.78.56.34,other,14,2026-06-28T23:32:39.171Z,1
130.94.107.18,ssh,18 22,2026-06-08T01:51:34.467Z,1
130.131.220.154,other,14,2026-06-12T15:45:28.365Z,1
132.196.11.13,scanner,14 21,2026-07-17T23:38:00.452Z,1
132.196.99.64,scanner,14 21,2026-06-20T13:06:15.755Z,1
132.196.99.215,scanner,14 21,2026-06-11T12:43:37.405Z,1
134.122.18.46,scanner,14 21,2026-07-19T02:01:48.197Z,1
134.185.85.99,manual,14,2026-06-05T12:10:26.797Z,1
134.185.86.134,scanner,14 21,2026-06-04T18:35:13.937Z,1
135.119.27.130,scanner,14 21,2026-06-15T21:26:29.348Z,1
135.119.73.164,scanner,14 21,2026-06-27T08:03:02.926Z,1
135.181.88.19,ssh,18 22,2026-06-08T01:31:35.628Z,1
136.107.223.250,scanner,14 21,2026-07-19T15:51:15.206Z,1
136.107.255.212,scanner,14 21,2026-06-24T02:55:18.594Z,1
136.109.216.85,scanner,14 21,2026-06-21T10:41:59.072Z,1
137.184.18.124,scanner,14 21,2026-06-05T07:54:59.431Z,1
137.184.167.66,scanner,14 21,2026-06-14T01:44:16.939Z,1
138.68.82.23,scanner,14 21,2026-07-04T00:50:22.186Z,1
138.197.112.169,scanner,14 21,2026-06-10T01:08:58.226Z,1
139.59.60.150,other,14,2026-07-10T03:33:58.107Z,1
139.59.143.102,scanner,14 21,2026-06-13T06:33:23.841Z,1
139.99.74.35,ssh,18 22,2026-07-09T11:50:45.545Z,78
139.162.143.196,ssh,18 22,2026-06-08T07:50:26.235Z,1
140.238.49.99,other,14,2026-07-20T00:57:53.365Z,2
140.248.75.47,scanner,14 21,2026-07-17T05:20:17.872Z,1
140.248.75.78,scanner,14 21,2026-07-17T02:09:28.912Z,1
140.248.75.93,scanner,14 21,2026-07-17T03:20:08.857Z,1
140.248.75.167,scanner,14 21,2026-07-17T02:06:07.990Z,1
141.11.62.50,scanner,14 21,2026-06-10T15:53:22.007Z,1
141.98.11.171,scanner,14 21,2026-06-24T12:31:21.105Z,1
142.93.98.53,ssh,18 22,2026-06-08T05:39:21.801Z,1
142.93.222.16,ssh,18 22,2026-06-08T03:09:10.551Z,1
142.248.80.205,scanner,14 21,2026-06-11T06:58:20.432Z,1
142.248.80.236,scanner,14 21,2026-06-29T07:31:57.717Z,1
143.95.213.196,ssh,18 22,2026-06-07T18:39:07.462Z,1
143.110.187.49,ssh,18 22,2026-06-08T10:38:30.768Z,1
143.110.213.72,scanner,14 21,2026-07-18T17:42:32.465Z,1
143.110.217.244,scanner,14 21,2026-07-07T18:41:31.578Z,1
143.198.6.225,scanner,14 21,2026-07-20T01:23:06.777Z,1
143.198.43.251,scanner,14 21,2026-06-10T09:36:12.480Z,1
143.198.52.240,scanner,14 21,2026-06-28T03:05:59.180Z,1
143.198.146.97,scanner,14 21,2026-06-26T01:44:50.711Z,1
143.198.214.95,other,14,2026-07-05T11:56:27.349Z,1
143.244.57.118,scanner,14 21,2026-07-21T06:21:15.743Z,1
143.244.57.121,other,14,2026-06-13T20:37:17.169Z,1
143.244.168.161,scanner,14 21,2026-07-15T16:11:45.043Z,1
144.31.143.114,scanner,14 21,2026-07-01T16:26:24.888Z,1
144.126.225.235,scanner,14 21,2026-07-03T01:27:48.852Z,1
144.172.89.63,scanner,14 21,2026-07-03T15:20:44.608Z,1
144.172.97.163,scanner,14 21,2026-06-16T09:14:11.813Z,1
144.172.98.123,scanner,14 21,2026-07-15T19:30:37.270Z,1
144.172.100.174,scanner,14 21,2026-06-17T17:06:57.060Z,1
144.172.101.168,scanner,14 21,2026-07-16T12:00:12.532Z,1
144.172.102.162,scanner,14 21,2026-07-17T03:49:29.123Z,1
144.172.103.103,other,14,2026-06-18T11:54:25.607Z,2
144.172.104.62,scanner,14 21,2026-07-21T20:57:09.533Z,1
145.223.73.227,ssh,18 22,2026-07-01T03:54:30.035Z,1
145.241.230.205,scanner,14 21,2026-07-01T16:25:37.798Z,1
146.70.40.70,scanner,14 21,2026-06-12T00:27:36.367Z,1
146.70.194.222,scanner,14 21,2026-06-22T21:59:09.386Z,1
146.70.194.236,scanner,14 21,2026-06-08T04:18:34.450Z,1
146.190.242.161,scanner,14 21,2026-06-23T09:02:12.231Z,1
147.79.115.240,ssh,18 22,2026-06-22T03:14:16.201Z,1
147.93.97.103,ssh,18 22,2026-07-01T17:41:10.151Z,1
147.182.149.75,scanner,14 21,2026-07-09T02:22:01.334Z,1
148.113.44.101,ssh,18 22,2026-06-08T03:02:48.950Z,1
149.118.135.252,ssh,18 22,2026-07-03T01:55:56.785Z,1
150.95.27.209,ssh,18 22,2026-06-07T22:33:01.965Z,1
152.32.182.220,ssh,18 22,2026-06-08T06:08:44.429Z,1
152.42.138.167,ssh,18 22,2026-06-07T23:57:18.330Z,1
152.42.242.135,other,14,2026-06-26T08:06:15.816Z,1
153.92.214.3,ssh,18 22,2026-06-07T13:25:58.668Z,1
154.12.29.69,ssh,18 22,2026-07-10T09:14:20.581Z,1
154.120.235.146,ssh,18 22,2026-07-20T11:56:00.533Z,1
157.52.92.67,scanner,14 21,2026-07-20T21:43:09.233Z,1
157.66.80.124,ssh,18 22,2026-06-22T01:09:15.720Z,1
157.230.53.32,scanner,14 21,2026-07-21T07:21:50.811Z,1
157.230.237.171,scanner,14 21,2026-06-06T17:16:56.774Z,1
158.158.38.210,other,14,2026-06-27T22:26:08.587Z,1
159.89.127.165,scanner,14 21,2026-06-25T21:58:17.293Z,1
159.223.6.23,scanner,14 21,2026-06-05T05:00:00.669Z,1
160.178.56.209,scanner,14 21,2026-06-13T19:22:03.062Z,1
160.179.151.235,scanner,14 21,2026-06-23T09:31:11.209Z,1
160.251.206.106,ssh,18 22,2026-06-08T10:47:30.573Z,1
161.97.177.253,ssh,18 22,2026-06-08T02:09:39.929Z,1
161.118.169.38,scanner,14 21,2026-07-01T16:24:55.097Z,1
161.132.52.94,ssh,18 22,2026-06-07T22:30:24.435Z,1
162.141.167.13,scanner,14 21,2026-06-28T20:15:12.943Z,1
162.240.57.187,ssh,18 22,2026-06-07T20:05:19.922Z,1
162.254.36.150,scanner,14 21,2026-06-22T10:30:56.647Z,1
163.172.79.161,other,14,2026-06-26T07:12:33.375Z,1
164.90.208.56,scanner,14 21,2026-07-18T05:43:16.224Z,1
164.92.198.75,ssh,18 22,2026-06-08T07:02:54.983Z,1
164.125.254.27,ssh,18 22,2026-07-08T06:36:00.305Z,1
164.160.89.58,ssh,18 22,2026-06-08T01:21:46.399Z,1
165.22.235.3,scanner,14 21,2026-06-25T21:58:17.325Z,1
165.154.205.87,ssh,18 22,2026-07-02T06:47:53.964Z,1
165.227.65.239,ssh,18 22,2026-06-08T00:21:17.402Z,1
165.245.189.2,scanner,14 21,2026-07-09T03:28:02.871Z,1
165.245.227.118,scanner,14 21,2026-06-11T00:45:02.925Z,1
167.71.81.114,scanner,14 21,2026-06-28T05:12:36.722Z,1
167.71.227.158,scanner,14 21,2026-06-22T07:05:48.170Z,1
167.86.119.92,ssh,18 22,2026-06-08T10:33:58.301Z,1
167.99.67.169,other,14,2026-07-03T09:54:12.919Z,1
167.99.182.39,scanner,14 21,2026-06-13T06:33:24.359Z,1
167.172.77.108,other,14,2026-06-30T08:05:33.495Z,1
167.172.232.142,scanner,14 21,2026-06-18T16:33:21.463Z,1
167.179.84.244,ssh,18 22,2026-06-08T02:26:27.124Z,1
168.144.100.227,scanner,14 21,2026-07-19T23:15:38.213Z,1
170.64.155.148,scanner,14 21,2026-06-19T03:20:40.004Z,1
171.35.134.243,ssh,18 22,2026-07-03T17:47:36.907Z,1
171.111.218.2,ssh,18 22,2026-06-10T23:25:27.974Z,1
172.56.221.150,ssh,18 22,2026-06-21T15:15:27.407Z,2
172.86.116.36,scanner,14 21,2026-07-12T03:45:34.436Z,1
172.87.30.161,ssh,18 22,2026-07-14T09:29:45.012Z,1
172.94.9.30,ssh,18 22,2026-06-07T06:40:00.403Z,1
172.161.73.175,scanner,14 21,2026-06-26T23:54:37.444Z,1
172.202.30.177,scanner,14 21,2026-07-20T01:47:16.958Z,1
172.202.100.15,other,14,2026-06-23T18:09:44.390Z,1
172.212.174.123,other,14,2026-06-22T18:52:23.373Z,1
172.212.190.89,scanner,14 21,2026-06-29T04:50:57.486Z,1
172.245.92.196,scanner,14 21,2026-06-08T04:44:14.853Z,1
174.138.21.63,other,14,2026-06-15T06:36:17.613Z,1
174.138.63.80,scanner,14 21,2026-06-14T05:18:36.997Z,1
175.12.60.34,ssh,18 22,2026-07-04T14:32:50.856Z,1
175.205.195.27,ssh,18 22,2026-07-10T02:50:01.969Z,1
175.214.123.79,ssh,18 22,2026-07-06T03:35:31.664Z,1
176.65.139.229,other,14,2026-06-22T00:55:44.287Z,2
176.65.139.231,other,14,2026-06-29T11:44:30.517Z,2
176.65.139.232,scanner,14 21,2026-06-06T00:22:21.978Z,1
176.65.139.233,other,14,2026-06-09T14:52:19.277Z,1
176.65.139.234,other,14,2026-06-24T23:22:53.816Z,2
176.65.139.235,other,14,2026-06-15T14:27:30.250Z,2
176.65.139.236,other,14,2026-06-13T14:44:12.885Z,2
176.65.139.237,other,14,2026-06-19T18:48:00.689Z,2
176.65.139.238,scanner,14 21,2026-06-08T02:44:13.879Z,1
176.65.139.239,other,14,2026-06-17T15:32:48.376Z,2
176.65.148.30,scanner,14 21,2026-06-13T06:32:01.145Z,1
178.16.54.137,scanner,14 21,2026-07-21T05:51:24.990Z,1
178.62.89.9,scanner,14 21,2026-06-22T07:06:13.214Z,1
178.62.122.140,scanner,14 21,2026-06-17T04:08:28.170Z,1
178.104.42.207,ssh,18 22,2026-06-07T17:53:25.109Z,1
178.104.79.4,ssh,18 22,2026-06-08T08:11:06.929Z,1
178.105.124.73,ssh,18 22,2026-06-08T05:20:04.321Z,1
178.105.176.35,ssh,18 22,2026-06-07T14:33:47.548Z,1
178.105.210.107,ssh,18 22,2026-06-07T19:39:30.142Z,1
178.105.252.160,ssh,18 22,2026-06-08T03:50:53.301Z,1
178.156.198.226,ssh,18 22,2026-06-07T14:13:53.754Z,1
178.225.26.230,ssh,18 22,2026-06-06T01:18:39.159Z,1
178.238.226.170,ssh,18 22,2026-06-08T10:53:00.056Z,1
178.238.231.2,other,14,2026-06-14T00:16:15.358Z,1
179.43.189.83,manual,14,2026-06-06T20:55:11.270Z,1
180.76.134.19,ssh,18 22,2026-07-07T20:32:33.035Z,2
180.76.143.27,ssh,18 22,2026-06-06T17:40:56.727Z,1
180.76.168.83,ssh,18 22,2026-06-19T08:34:21.308Z,1
180.76.183.253,ssh,18 22,2026-06-09T21:02:20.589Z,1
180.76.226.129,ssh,18 22,2026-07-02T20:53:49.574Z,1
180.76.239.185,ssh,18 22,2026-07-06T09:50:06.500Z,1
180.76.240.235,ssh,18 22,2026-07-18T01:13:03.059Z,1
180.108.46.6,ssh,18 22,2026-06-30T09:42:01.698Z,1
182.19.35.57,ssh,18 22,2026-07-04T21:41:50.520Z,4
182.61.54.90,ssh,18 22,2026-06-09T04:42:05.413Z,1
182.201.244.26,ssh,18 22,2026-06-19T01:39:23.341Z,1
183.56.192.210,ssh,18 22,2026-07-19T01:40:32.758Z,1
183.66.144.142,ssh,18 22,2026-06-08T13:22:31.587Z,1
183.129.249.4,ssh,18 22,2026-07-10T23:44:28.564Z,1
183.182.105.73,ssh,18 22,2026-06-07T14:50:37.933Z,1
183.205.154.231,ssh,18 22,2026-06-13T14:51:07.109Z,1
185.93.89.95,ssh,18 22,2026-06-16T10:05:02.202Z,1
185.93.89.147,other,14,2026-06-24T22:56:08.498Z,1
185.119.89.78,ssh,18 22,2026-06-08T02:47:42.723Z,1
185.192.70.4,other,14,2026-07-19T06:25:03.121Z,2
185.207.250.9,other,14,2026-07-15T08:18:50.480Z,1
185.250.203.202,ssh,18 22,2026-07-01T02:38:15.646Z,1
185.252.232.247,ssh,18 22,2026-06-08T02:49:59.473Z,1
185.255.126.93,other,14,2026-06-24T19:25:18.800Z,1
188.0.240.22,ssh,18 22,2026-06-08T05:56:43.905Z,1
188.64.139.147,ssh,18 22,2026-06-12T14:51:27.332Z,3
188.126.89.47,ssh,18 22,2026-06-25T10:33:54.109Z,1
188.211.51.86,ssh,18 22,2026-06-08T23:23:30.954Z,1
188.225.71.170,ssh,18 22,2026-06-07T14:26:49.835Z,1
190.103.245.130,ssh,18 22,2026-06-29T01:36:32.398Z,1
190.223.196.78,ssh,18 22,2026-06-22T01:09:15.059Z,1
191.232.50.190,scanner,14 21,2026-06-24T11:43:36.388Z,1
191.232.199.0,other,14,2026-06-15T18:05:50.388Z,1
191.235.102.147,other,14,2026-07-22T13:27:46.609Z,2
191.237.249.222,scanner,14 21,2026-07-02T11:06:48.752Z,1
192.109.200.215,scanner,14 21,2026-06-26T12:45:07.613Z,1
192.140.175.185,ssh,18 22,2026-06-21T09:38:52.699Z,1
192.145.37.203,ssh,18 22,2026-06-07T23:36:50.338Z,1
192.210.193.219,other,14,2026-06-17T21:19:11.949Z,2
192.253.248.17,ssh,18 22,2026-06-19T02:12:47.406Z,2
192.253.248.63,ssh,18 22,2026-07-14T00:56:30.796Z,1
192.253.248.97,ssh,18 22,2026-07-14T00:57:31.634Z,1
193.32.127.198,manual,14,2026-06-04T19:51:22.753Z,1
193.227.241.194,ssh,18 22,2026-06-08T05:28:39.755Z,1
194.163.182.151,ssh,18 22,2026-06-22T01:18:33.534Z,1
195.63.22.95,scanner,14 21,2026-06-26T03:41:17.853Z,1
195.154.31.204,other,14,2026-07-11T18:08:40.298Z,1
195.154.87.214,other,14,2026-07-08T02:05:30.293Z,1
195.154.94.135,other,14,2026-07-07T15:57:23.362Z,1
195.178.110.18,scanner,14 21,2026-07-07T09:59:32.866Z,1
195.178.110.31,scanner,14 21,2026-06-05T12:58:18.412Z,1
195.178.110.159,scanner,14 21,2026-06-09T03:15:53.845Z,1
195.178.110.199,scanner,14 21,2026-06-05T22:38:59.860Z,1
195.178.110.241,scanner,14 21,2026-06-08T11:26:41.528Z,1
195.190.165.31,manual,14,2026-06-04T19:49:47.938Z,1
196.216.253.13,ssh,18 22,2026-06-28T18:01:55.399Z,1
198.199.80.175,scanner,14 21,2026-06-18T08:50:54.461Z,1
202.158.244.203,ssh,18 22,2026-06-21T16:35:02.624Z,3
203.3.119.121,ssh,18 22,2026-06-11T11:37:27.410Z,1
203.86.123.8,ssh,18 22,2026-06-27T05:52:21.651Z,1
203.159.90.205,scanner,14 21,2026-06-14T07:58:27.546Z,1
203.159.90.217,scanner,14 21,2026-06-27T18:30:24.236Z,1
206.81.12.187,scanner,14 21,2026-07-18T17:42:32.368Z,1
206.189.39.47,other,14,2026-07-16T07:02:03.395Z,1
206.189.95.232,scanner,14 21,2026-07-07T01:18:27.321Z,1
206.189.149.9,ssh,18 22,2026-07-08T14:39:17.939Z,1
207.56.225.131,ssh,18 22,2026-07-19T08:10:22.802Z,1
207.135.224.94,ssh,18 22,2026-07-16T04:35:25.645Z,1
207.180.218.158,ssh,18 22,2026-06-08T07:18:57.616Z,1
207.241.173.236,scanner,14 21,2026-06-10T03:18:31.927Z,1
208.84.100.137,scanner,14 21,2026-06-05T13:23:46.912Z,1
208.84.101.25,scanner,14 21,2026-06-09T05:12:30.508Z,1
208.84.101.109,scanner,14 21,2026-06-13T03:06:29.555Z,1
208.84.101.154,scanner,14 21,2026-06-07T01:21:31.239Z,1
209.38.82.71,scanner,14 21,2026-06-24T03:05:44.808Z,1
213.209.159.113,scanner,14 21,2026-06-07T04:32:50.471Z,1
213.209.159.158,ssh,18 22,2026-06-08T13:09:23.995Z,1
213.209.159.223,scanner,14 21,2026-07-18T10:25:19.065Z,1
216.126.237.248,scanner,14 21,2026-07-12T00:13:45.146Z,1
216.194.172.68,ssh,18 22,2026-06-05T17:07:47.113Z,1
217.15.164.43,ssh,18 22,2026-06-08T08:43:49.726Z,1
217.154.1.156,ssh,18 22,2026-06-07T13:16:35.948Z,1
217.160.224.99,ssh,18 22,2026-06-07T22:32:55.827Z,1
217.181.87.118,scanner,14 21,2026-06-28T05:53:30.866Z,1
217.216.78.34,ssh,18 22,2026-06-07T23:09:53.760Z,1
217.216.90.208,ssh,18 22,2026-06-08T03:18:56.846Z,1
218.3.161.62,ssh,18 22,2026-07-17T20:12:36.537Z,1
218.4.120.211,ssh,18 22,2026-06-06T19:57:00.747Z,1
218.63.75.44,ssh,18 22,2026-07-19T15:13:11.842Z,1
218.157.163.203,ssh,18 22,2026-06-26T06:26:48.732Z,2
218.157.205.238,ssh,18 22,2026-06-09T19:21:30.305Z,1
218.203.203.232,ssh,18 22,2026-06-30T04:24:08.359Z,1
219.138.78.67,ssh,18 22,2026-06-21T00:27:51.874Z,1
219.144.80.143,ssh,18 22,2026-06-27T07:45:47.249Z,1
220.126.84.190,ssh,18 22,2026-07-10T15:12:34.150Z,1
220.154.130.30,ssh,18 22,2026-06-22T13:58:13.605Z,1
220.160.56.48,ssh,18 22,2026-07-08T03:44:09.834Z,1
220.161.160.75,ssh,18 22,2026-07-12T09:36:00.121Z,1
221.2.109.10,ssh,18 22,2026-07-07T07:16:46.890Z,1
221.224.194.3,ssh,18 22,2026-06-07T07:58:23.940Z,1
221.228.10.71,ssh,18 22,2026-06-19T13:23:47.536Z,1
221.228.10.226,ssh,18 22,2026-07-06T12:43:37.797Z,1
221.229.20.18,ssh,18 22,2026-06-08T00:44:15.730Z,1
222.88.163.204,ssh,18 22,2026-06-18T12:02:20.830Z,1
222.102.21.104,ssh,18 22,2026-06-14T16:10:12.294Z,1
222.121.250.203,ssh,18 22,2026-06-06T10:38:33.524Z,1
222.170.175.95,ssh,18 22,2026-06-30T14:17:06.401Z,1
222.189.36.138,ssh,18 22,2026-06-24T09:15:53.466Z,1
222.223.177.118,ssh,18 22,2026-06-25T14:27:57.002Z,1
223.166.28.86,ssh,18 22,2026-06-28T11:55:00.746Z,1
2600:1900:4020:5ea:0:900::,other,14,2026-06-10T07:59:47.984Z,1
2600:1900:4041:4c3:0:952::,other,14,2026-07-15T14:29:19.621Z,1
2602:fa59:10:acd::1,other,14,2026-06-17T16:25:47.814Z,1
2602:fa59:10:e70::1,other,14,2026-06-17T17:20:36.631Z,1
2602:fb54:1a00::3e,other,14,2026-06-09T09:39:59.584Z,3
2a02:c207:2325:5516::1,other,14,2026-06-14T00:16:12.882Z,1
2a04:4e40:e000:0:566:f8d7:adbe:f536,other,14,2026-07-20T01:20:04.775Z,1
2a04:4e40:e000:0:6d1:fde7:c3c3:650b,other,14,2026-07-17T02:13:20.016Z,1
2a04:c300:400::1a9,other,14,2026-06-22T09:23:11.164Z,3
2a04:c300:c00::3da,other,14,2026-07-06T00:49:04.529Z,2
2a06:98c0:3600::103,scanner,14 21,2026-07-18T07:51:23.574Z,1
2a06:a880:5:bbe3::1,other,14,2026-06-17T15:27:53.384Z,1
2a09:bac5:636d:1846::26b:88,other,14,2026-07-09T22:52:05.780Z,4
2a09:bac5:cad1:1541::21e:c2,other,14,2026-06-09T16:30:14.933Z,1
2a0c:9f00:a000:6de5::1,other,14,2026-06-19T18:20:25.388Z,1
2a0c:9f00:a000:7c0d::1,other,14,2026-06-19T23:17:47.892Z,2
2a0c:9f00:a000:7c94::1,other,14,2026-06-21T06:38:57.330Z,2
2a10:4646:190::aea5:c389,other,14,2026-06-17T15:18:04.792Z,1
2a10:4646:190::e5d4:7524,other,14,2026-06-18T10:56:28.002Z,1
